{
  "HTTP upload" : {
    "transaction" : "HTTP upload",
    "sampleCount" : 56000,
    "errorCount" : 0,
    "errorPct" : 0.0,
    "meanResTime" : 2046.204874999977,
    "medianResTime" : 1908.0,
    "minResTime" : 5.0,
    "maxResTime" : 9105.0,
    "pct1ResTime" : 2883.0,
    "pct2ResTime" : 3242.9500000000007,
    "pct3ResTime" : 4069.9600000000064,
    "throughput" : 324.65273751826174,
    "receivedKBytesPerSec" : 83.48873380722004,
    "sentKBytesPerSec" : 28701.62025969864
  },
  "Total" : {
    "transaction" : "Total",
    "sampleCount" : 56000,
    "errorCount" : 0,
    "errorPct" : 0.0,
    "meanResTime" : 2046.204874999977,
    "medianResTime" : 1908.0,
    "minResTime" : 5.0,
    "maxResTime" : 9105.0,
    "pct1ResTime" : 2883.0,
    "pct2ResTime" : 3242.9500000000007,
    "pct3ResTime" : 4069.9600000000064,
    "throughput" : 324.65273751826174,
    "receivedKBytesPerSec" : 83.48873380722004,
    "sentKBytesPerSec" : 28701.62025969864
  }
}