{
  "HTTP upload" : {
    "transaction" : "HTTP upload",
    "sampleCount" : 56000,
    "errorCount" : 0,
    "errorPct" : 0.0,
    "meanResTime" : 2857.643517857131,
    "medianResTime" : 2098.0,
    "minResTime" : 6.0,
    "maxResTime" : 10498.0,
    "pct1ResTime" : 3405.0,
    "pct2ResTime" : 3808.0,
    "pct3ResTime" : 4962.950000000008,
    "throughput" : 240.037377248743,
    "receivedKBytesPerSec" : 61.72915870783808,
    "sentKBytesPerSec" : 21239.991256785877
  },
  "Total" : {
    "transaction" : "Total",
    "sampleCount" : 56000,
    "errorCount" : 0,
    "errorPct" : 0.0,
    "meanResTime" : 2857.643517857131,
    "medianResTime" : 2098.0,
    "minResTime" : 6.0,
    "maxResTime" : 10498.0,
    "pct1ResTime" : 3405.0,
    "pct2ResTime" : 3808.0,
    "pct3ResTime" : 4962.950000000008,
    "throughput" : 240.037377248743,
    "receivedKBytesPerSec" : 61.72915870783808,
    "sentKBytesPerSec" : 21239.991256785877
  }
}