{
  "HTTP上传" : {
    "transaction" : "HTTP上传",
    "sampleCount" : 56000,
    "errorCount" : 0,
    "errorPct" : 0.0,
    "meanResTime" : 2845.9657142857045,
    "medianResTime" : 2112.5,
    "minResTime" : 6.0,
    "maxResTime" : 12035.0,
    "pct1ResTime" : 3337.0,
    "pct2ResTime" : 3821.0,
    "pct3ResTime" : 4840.970000000005,
    "throughput" : 241.20256708446396,
    "receivedKBytesPerSec" : 62.028594180718876,
    "sentKBytesPerSec" : 21321.424558075712
  },
  "Total" : {
    "transaction" : "Total",
    "sampleCount" : 56000,
    "errorCount" : 0,
    "errorPct" : 0.0,
    "meanResTime" : 2845.9657142857045,
    "medianResTime" : 2112.5,
    "minResTime" : 6.0,
    "maxResTime" : 12035.0,
    "pct1ResTime" : 3337.0,
    "pct2ResTime" : 3821.0,
    "pct3ResTime" : 4840.970000000005,
    "throughput" : 241.20256708446396,
    "receivedKBytesPerSec" : 62.028594180718876,
    "sentKBytesPerSec" : 21321.424558075712
  }
}