{
  "HTTP upload" : {
    "transaction" : "HTTP upload",
    "sampleCount" : 56000,
    "errorCount" : 0,
    "errorPct" : 0.0,
    "meanResTime" : 2142.989267857144,
    "medianResTime" : 1950.0,
    "minResTime" : 10.0,
    "maxResTime" : 8767.0,
    "pct1ResTime" : 3007.9000000000015,
    "pct2ResTime" : 3379.0,
    "pct3ResTime" : 4155.980000000003,
    "throughput" : 308.7832286594948,
    "receivedKBytesPerSec" : 79.40756719653777,
    "sentKBytesPerSec" : 27291.813968357303
  },
  "Total" : {
    "transaction" : "Total",
    "sampleCount" : 56000,
    "errorCount" : 0,
    "errorPct" : 0.0,
    "meanResTime" : 2142.989267857144,
    "medianResTime" : 1950.0,
    "minResTime" : 10.0,
    "maxResTime" : 8767.0,
    "pct1ResTime" : 3007.9000000000015,
    "pct2ResTime" : 3379.0,
    "pct3ResTime" : 4155.980000000003,
    "throughput" : 308.7832286594948,
    "receivedKBytesPerSec" : 79.40756719653777,
    "sentKBytesPerSec" : 27291.813968357303
  }
}